ABMD,ABIOMED Inc,NASDAQ,8461201507.2
ACAD,ACADIA Pharmaceuticals Inc,NASDAQ,3787029872.13
ATVI,Activision Blizzard Inc,NASDAQ,47203288975.65
ADBE,Adobe Systems Incorporated,NASDAQ,85560118939.98
AMD,Advanced Micro Devices Inc,NASDAQ,9590098113.82
AGNC,AGNC Investment Corp,NASDAQ,7970696871.9
AGNCB,AGNC Investment Corp,NASDAQ,9180927199.5
AKAM,Akamai Technologies Inc,NASDAQ,9557073197
AKRX,Akorn Inc,NASDAQ,4117324843.32
ALXN,Alexion Pharmaceuticals Inc,NASDAQ,25571467852.24
ALGN,Align Technology Inc,NASDAQ,19116769964.72
ALKS,Alkermes plc,NASDAQ,8131671178.4
ALNY,Alnylam Pharmaceuticals Inc,NASDAQ,12980467582.68
GOOG,Alphabet Inc,NASDAQ,720544529212.55
GOOGL,Alphabet Inc,NASDAQ,729111439241.18
AABA,Altaba Inc,NASDAQ,62228187345
AMZN,Amazoncom Inc,NASDAQ,559935467350
DOX,Amdocs Limited,NASDAQ,9469878250
UHAL,Amerco,NASDAQ,7472920162.56
AMOV,America Movil SAB de CV,NASDAQ,56619445684.1466
AAL,American Airlines Group Inc,NASDAQ,24413022704.46
AMGN,Amgen Inc,NASDAQ,127331973960.75
ADI,Analog Devices Inc,NASDAQ,31525732589.76
ANGI,ANGI Homeservices Inc,NASDAQ,5270603695.2
ANSS,ANSYS Inc,NASDAQ,12400660919.49
AAPL,Apple Inc,NASDAQ,869598423440
AMAT,Applied Materials Inc,NASDAQ,54849434895.95
ACGL,Arch Capital Group Ltd,NASDAQ,12041718948.24
ARCC,Ares Capital Corporation,NASDAQ,6999832289.3
ARRS,ARRIS International plc,NASDAQ,5481592280.61
ASML,ASML Holding NV,NASDAQ,12189366954.92
AZPN,Aspen Technology Inc,NASDAQ,4814176356.36
ATHN,athenahealth Inc,NASDAQ,5276732471.54
TEAM,Atlassian Corporation Plc,NASDAQ,10690638483.78
ADSK,Autodesk Inc,NASDAQ,23488641295.68
ADP,Automatic Data Processing Inc,NASDAQ,51453678474.6
BIDU,Baidu Inc,NASDAQ,64634250875.4
OZRK,Bank of the Ozarks,NASDAQ,5966817822.7
BECN,Beacon Roofing Supply Inc,NASDAQ,4196827451.4
BGCP,BGC Partners Inc,NASDAQ,4818142232.64
BIIB,Biogen Inc,NASDAQ,68892841440.72
BMRN,BioMarin Pharmaceutical Inc,NASDAQ,14399188501.23
TECH,Bio-Techne Corp,NASDAQ,4823630039.28
BIVV,Bioverativ Inc,NASDAQ,5569046794.2
BLKB,Blackbaud Inc,NASDAQ,4589190050.85
BUFF,Blue Buffalo Pet Products Inc,NASDAQ,6238656460.35
BLUE,bluebird bio Inc,NASDAQ,7843965723.3
BOKF,BOK Financial Corporation,NASDAQ,5783107043.1
BHF,Brighthouse Financial Inc,NASDAQ,7210340981.2
AVGO,Broadcom Limited,NASDAQ,106037913898.14
BPY,Brookfield Property Partners LP,NASDAQ,5508223402.57
BRKR,Bruker Corporation,NASDAQ,5416691821.2
CHRW,CH Robinson Worldwide Inc,NASDAQ,12320640237.24
CA,CA Inc,NASDAQ,14012832831.12
CDNS,Cadence Design Systems Inc,NASDAQ,12299601600
CZR,Caesars Entertainment Corporation,NASDAQ,8872053598.8
CASY,Caseys General Stores Inc,NASDAQ,4729934305.18
CATY,Cathay General Bancorp,NASDAQ,3477683180.01
CAVM,Cavium Inc,NASDAQ,5917654532.55
CBOE,Cboe Global Markets Inc,NASDAQ,14212861612.48
CDK,CDK Global Inc,NASDAQ,9728065639.93
CDW,CDW Corporation,NASDAQ,10677662741.76
CELG,Celgene Corporation,NASDAQ,83526453209.79
CDEV,Centennial Resource Development Inc,NASDAQ,5222541137.16
CERN,Cerner Corporation,NASDAQ,23408656976.32
CHTR,Charter Communications Inc,NASDAQ,80674086157.5
CHKP,Check Point Software Technologies Ltd,NASDAQ,17390881875.12
CHFC,Chemical Financial Corporation,NASDAQ,3920697290.23
HTHT,China Lodging Group Limited,NASDAQ,4003631728.32
CHDN,Churchill Downs Incorporated,NASDAQ,3533237802.9
CMPR,Cimpress NV,NASDAQ,3719354547.06
CINF,Cincinnati Financial Corporation,NASDAQ,12206940060
CTAS,Cintas Corporation,NASDAQ,16921532004.3
CSCO,Cisco Systems Inc,NASDAQ,185929628083.64
CTXS,Citrix Systems Inc,NASDAQ,13197660738.52
CME,CME Group Inc,NASDAQ,52003804878.72
CGNX,Cognex Corporation,NASDAQ,11148890487.24
CTSH,Cognizant Technology Solutions Corporation,NASDAQ,42348349577.52
COHR,Coherent Inc,NASDAQ,7270749778.95
COLM,Columbia Sportswear Company,NASDAQ,4830561961.09
CMCSA,Comcast Corporation,NASDAQ,177369640948.5
CBSH,Commerce Bancshares Inc,NASDAQ,6240068509.68
COMM,CommScope Holding Company Inc,NASDAQ,7231789694.6
CPRT,Copart Inc,NASDAQ,10168122653.08
CSGP,CoStar Group Inc,NASDAQ,10566772546.6
COST,Costco Wholesale Corporation,NASDAQ,82184635200.42
CBRL,Cracker Barrel Old Country Store Inc,NASDAQ,3904912612.82
CACC,Credit Acceptance Corporation,NASDAQ,6165364168.08
CSX,CSX Corporation,NASDAQ,50459605266.18
CTRP,Ctripcom International Ltd,NASDAQ,19688262927.2
CY,Cypress Semiconductor Corporation,NASDAQ,5111744184.48
CONE,CyrusOne Inc,NASDAQ,5519629050
XRAY,DENTSPLY SIRONA Inc,NASDAQ,14906420664.3
DXCM,DexCom Inc,NASDAQ,5347150511.85
FANG,Diamondback Energy Inc,NASDAQ,10873990602.53
DISCA,Discovery Communications Inc,NASDAQ,7452225664.52
DISCB,Discovery Communications Inc,NASDAQ,7581104440
DISCK,Discovery Communications Inc,NASDAQ,6974616084.8
DISH,DISH Network Corporation,NASDAQ,22660306406.13
DLTR,Dollar Tree Inc,NASDAQ,25765278393.72
DNKN,Dunkin&#39; Brands Group Inc,NASDAQ,5446471050.9
ETFC,E*TRADE Financial Corporation,NASDAQ,13501555907.18
EWBC,East West Bancorp Inc,NASDAQ,8723164678.85
EBAY,eBay Inc,NASDAQ,39328103458.65
SATS,EchoStar Corporation,NASDAQ,5622993171.84
ESLT,Elbit Systems Ltd,NASDAQ,5779513916.8
EA,Electronic Arts Inc,NASDAQ,32415312437.31
ESGR,Enstar Group Limited,NASDAQ,4180007135.85
ENTG,Entegris Inc,NASDAQ,4171203623.5
EQIX,Equinix Inc,NASDAQ,35392142185.83
ERIE,Erie Indemnity Company,NASDAQ,6236089657.68
EEFT,Euronet Worldwide Inc,NASDAQ,4927783920.36
EXAS,Exact Sciences Corporation,NASDAQ,6445087485.83
EXEL,Exelixis Inc,NASDAQ,8020580523.1
EXPE,Expedia Inc,NASDAQ,17924262535.08
EXPD,Expeditors International of Washington Inc,NASDAQ,11454725711
ESRX,Express Scripts Holding Company,NASDAQ,38598319950
FFIV,F5 Networks Inc,NASDAQ,8308664110.28
FB,Facebook Inc,NASDAQ,520139765892
FAST,Fastenal Company,NASDAQ,15455854313.72
FGEN,FibroGen Inc,NASDAQ,3805207252.8
FITB,Fifth Third Bancorp,NASDAQ,21428503109.16
FCNCA,First Citizens BancShares Inc,NASDAQ,4876224430
FHB,First Hawaiian Inc,NASDAQ,4124774633.1
FSLR,First Solar Inc,NASDAQ,7312397819.76
FISV,Fiserv Inc,NASDAQ,27450368177.68
FIVE,Five Below Inc,NASDAQ,3707382663.92
FLEX,Flex Ltd,NASDAQ,9427933094.24
FLIR,FLIR Systems Inc,NASDAQ,6428458715.26
FTNT,Fortinet Inc,NASDAQ,7295113851.45
GLPI,Gaming and Leisure Properties Inc,NASDAQ,7698365746.47
GRMN,Garmin Ltd,NASDAQ,11688291838.86
GNTX,Gentex Corporation,NASDAQ,5802974131.36
GILD,Gilead Sciences Inc,NASDAQ,96951284883.12
LOPE,Grand Canyon Education Inc,NASDAQ,4520954515.15
GGAL,Grupo Financiero Galicia SA,NASDAQ,3796185988.26
HBHC,Hancock Holding Company,NASDAQ,4267558080
HAS,Hasbro Inc,NASDAQ,11379398336.96
HDS,HD Supply Holdings Inc,NASDAQ,7338926657.32
HCSG,Healthcare Services Group Inc,NASDAQ,3753775790
HSIC,Henry Schein Inc,NASDAQ,10657203216.8
HOLX,Hologic Inc,NASDAQ,11768930664.12
HOMB,Home BancShares Inc,NASDAQ,3926083401.31
HPT,Hospitality Properties Trust,NASDAQ,4948552635.51
HBAN,Huntington Bancshares Incorporated,NASDAQ,16052052777.75
HBANO,Huntington Bancshares Incorporated,NASDAQ,22761406929.89
IAC,IAC/InterActiveCorp,NASDAQ,10158805214.14
IBKC,IBERIABANK Corporation,NASDAQ,4180323562.4
IEP,Icahn Enterprises LP,NASDAQ,8949579862.95
ICLR,ICON plc,NASDAQ,6060172702
ICUI,ICU Medical Inc,NASDAQ,4243516778
IDXX,IDEXX Laboratories Inc,NASDAQ,14004708746.41
INFO,IHS Markit Ltd,NASDAQ,18185545774.95
ILG,ILG Inc,NASDAQ,3583743368.76
ILMN,Illumina Inc,NASDAQ,31776900000
INCR,INC Research Holdings Inc,NASDAQ,4126843642.6
INCY,Incyte Corporation,NASDAQ,20381983303.22
PODD,Insulet Corporation,NASDAQ,4059177858.56
IART,Integra LifeSciences Holdings Corporation,NASDAQ,3839116218.04
IDTI,Integrated Device Technology Inc,NASDAQ,3965118899.4
INTC,Intel Corporation,NASDAQ,202878000000
IBKR,Interactive Brokers Group Inc,NASDAQ,25171538844.9
INTU,Intuit Inc,NASDAQ,39684533200.85
ISRG,Intuitive Surgical Inc,NASDAQ,42534479023.96
ISBC,Investors Bancorp Inc,NASDAQ,4307636784.78
IONS,Ionis Pharmaceuticals Inc,NASDAQ,6813834518.4
IPGP,IPG Photonics Corporation,NASDAQ,11070596701.56
CSJ,iShares 1-3 Year Credit Bond ETF,NASDAQ,11573184000
SHY,iShares 1-3 Year Treasury Bond ETF,NASDAQ,11520684000
TLT,iShares 20+ Year Treasury Bond ETF,NASDAQ,6765246000
IEI,iShares 3-7 Year Treasury Bond ETF,NASDAQ,7067096000
IEF,iShares 7-10 Year Treasury Bond ETF,NASDAQ,7572565000
IXUS,iShares Core MSCI Total International Stock ETF,NASDAQ,8164908000
CIU,iShares Intermediate Credit Bond ETF,NASDAQ,7719404000
EMB,iShares JP Morgan USD Emerging Markets Bond ETF,NASDAQ,11888037000
MBB,iShares MBS ETF,NASDAQ,11793978000
ACWI,iShares MSCI ACWI Index Fund,NASDAQ,8521590000
AAXJ,iShares MSCI All Country Asia ex Japan Index Fund,NASDAQ,4669840000
SCZ,iShares MSCI EAFE Small-Cap ETF,NASDAQ,10083644000
IBB,iShares Nasdaq Biotechnology Index Fund,NASDAQ,10023615000
IJT,iShares S&P Small-Cap 600 Growth ETF,NASDAQ,4871899500
DVY,iShares Select Dividend ETF,NASDAQ,17901480000
SHV,iShares Short Treasury Bond ETF,NASDAQ,7223340000
PFF,iShares US Preferred Stock ETF,NASDAQ,18113800000
JBHT,JB Hunt Transport Services Inc,NASDAQ,12348185706.45
JCOM,j2 Global Inc,NASDAQ,3544012054.92
JKHY,Jack Henry & Associates Inc,NASDAQ,9058830399.85
JAZZ,Jazz Pharmaceuticals plc,NASDAQ,8331320429.12
JD,JDcom Inc,NASDAQ,34891458223.02
JBLU,JetBlue Airways Corporation,NASDAQ,7079884611.84
JUNO,Juno Therapeutics Inc,NASDAQ,6696240409.05
KLAC,KLA-Tencor Corporation,NASDAQ,16294487753.94
LRCX,Lam Research Corporation,NASDAQ,30196497402.08
LAMR,Lamar Advertising Company,NASDAQ,7536915192.43
LANC,Lancaster Colony Corporation,NASDAQ,3573295216.76
LSTR,Landstar System Inc,NASDAQ,4406408685
TREE,LendingTree Inc,NASDAQ,3770769809.9
LBRDA,Liberty Broadband Corporation,NASDAQ,15236906755.77
LBRDK,Liberty Broadband Corporation,NASDAQ,15396931555.21
LBTYA,Liberty Global plc,NASDAQ,25246993589.83
LBTYB,Liberty Global plc,NASDAQ,26256216928
LBTYK,Liberty Global plc,NASDAQ,24508537488.73
LILA,Liberty Global plc,NASDAQ,3622095226.68
LILAK,Liberty Global plc,NASDAQ,3575877565.47
LVNTA,Liberty Interactive Corporation,NASDAQ,4834496589.28
LVNTB,Liberty Interactive Corporation,NASDAQ,5125525066.68
QVCA,Liberty Interactive Corporation,NASDAQ,10667498190.3
QVCB,Liberty Interactive Corporation,NASDAQ,10650285607.5
FWONK,Liberty Media Corporation,NASDAQ,7950699241.27
LSXMK,Liberty Media Corporation,NASDAQ,14165909872.65
LECO,Lincoln Electric Holdings Inc,NASDAQ,6075169307.78
LFUS,Littelfuse Inc,NASDAQ,4483849135.44
LIVN,LivaNova PLC,NASDAQ,3983239004.58
LKQ,LKQ Corporation,NASDAQ,12429756155.42
LOGI,Logitech International SA,NASDAQ,5437432526.6
LOGM,LogMein Inc,NASDAQ,6163747668
LPLA,LPL Financial Holdings Inc,NASDAQ,4988416090.3
LULU,lululemon athletica inc,NASDAQ,9987133754.73
MKTX,MarketAxess Holdings Inc,NASDAQ,7357240044
MAR,Marriott International,NASDAQ,47147651517.56
MRVL,Marvell Technology Group Ltd,NASDAQ,10824753568.76
MASI,Masimo Corporation,NASDAQ,4443718384
MTCH,Match Group Inc,NASDAQ,8025085772.08
MAT,Mattel Inc,NASDAQ,5169692432
MXIM,Maxim Integrated Products Inc,NASDAQ,14606339518.33
MBFI,MB Financial Inc,NASDAQ,3770197753.14
MDSO,Medidata Solutions Inc,NASDAQ,3871869049.65
MLCO,Melco Resorts & Entertainment Limited,NASDAQ,4407097222
MELI,MercadoLibre Inc,NASDAQ,12207303277.8
MEOH,Methanex Corporation,NASDAQ,4452849574.2
MCHP,Microchip Technology Incorporated,NASDAQ,20445669877.67
MU,Micron Technology Inc,NASDAQ,49832158229.04
MSCC,Microsemi Corporation,NASDAQ,6000827688.45
MSFT,Microsoft Corporation,NASDAQ,649259910811.2
MKSI,MKS Instruments Inc,NASDAQ,5114548117.2
MDLZ,Mondelez International Inc,NASDAQ,63735673704.7
MPWR,Monolithic Power Systems Inc,NASDAQ,4682692617.27
MNST,Monster Beverage Corporation,NASDAQ,35653759826
MORN,Morningstar Inc,NASDAQ,3935273973.77
MYL,Mylan NV,NASDAQ,20743992610.41
NDAQ,Nasdaq Inc,NASDAQ,13095305786.94
FIZZ,National Beverage Corp,NASDAQ,4697807870
NATI,National Instruments Corporation,NASDAQ,5616806145.12
NKTR,Nektar Therapeutics,NASDAQ,8498531930.91
NTAP,NetApp Inc,NASDAQ,15543289743.66
NTES,NetEase Inc,NASDAQ,24390098402.88
NFLX,Netflix Inc,NASDAQ,81587127250.2
NBIX,Neurocrine Biosciences Inc,NASDAQ,6526362068.75
NWS,News Corporation,NASDAQ,9788046609.6
NWSA,News Corporation,NASDAQ,9642391154.1
NICE,NICE Ltd,NASDAQ,3538947188.84
NDSN,Nordson Corporation,NASDAQ,7344804548.73
NTRS,Northern Trust Corporation,NASDAQ,22225866839.44
NCLH,Norwegian Cruise Line Holdings Ltd,NASDAQ,12572370067.9
NUAN,Nuance Communications Inc,NASDAQ,4528341948
NTNX,Nutanix Inc,NASDAQ,5600652793.18
NVDA,NVIDIA Corporation,NASDAQ,116042940000
NXPI,NXP Semiconductors NV,NASDAQ,39086748754.83
ODFL,Old Dominion Freight Line Inc,NASDAQ,10750060822.5
ON,ON Semiconductor Corporation,NASDAQ,8237230895
OTEX,Open Text Corporation,NASDAQ,8636126955.19
ORLY,O&#39;Reilly Automotive Inc,NASDAQ,21347903885.79
PCAR,PACCAR Inc,NASDAQ,25305384294.75
PACW,PacWest Bancorp,NASDAQ,6165799407.04
PTEN,Patterson-UTI Energy Inc,NASDAQ,4809246133.54
PAYX,Paychex Inc,NASDAQ,24797307608.93
PYPL,PayPal Holdings Inc,NASDAQ,87631280993.74
PEGA,Pegasystems Inc,NASDAQ,3865746914.7
PBCT,People&#39;s United Financial Inc,NASDAQ,6523380238.2
PPC,Pilgrim&#39;s Pride Corporation,NASDAQ,9241155672.2
PNFP,Pinnacle Financial Partners Inc,NASDAQ,5176342143
POOL,Pool Corporation,NASDAQ,5181517200
BPOP,Popular Inc,NASDAQ,3585358174.38
PTLA,Portola Pharmaceuticals Inc,NASDAQ,3459636226.64
QQQ,PowerShares QQQ Trust Series 1,NASDAQ,58337370000
PRAH,PRA Health Sciences Inc,NASDAQ,5241310285.59
PFPT,Proofpoint Inc,NASDAQ,3853545988.95
PTC,PTC Inc,NASDAQ,7164929590.9
PBYI,Puma Biotechnology Inc,NASDAQ,3781100752
QGEN,Qiagen NV,NASDAQ,7110470160
QRVO,Qorvo Inc,NASDAQ,8630812620.72
QCOM,QUALCOMM Incorporated,NASDAQ,94700336409.36
GOLD,Randgold Resources Limited,NASDAQ,3489951795.4
RP,RealPage Inc,NASDAQ,3675703873.6
RRR,Red Rock Resorts Inc,NASDAQ,3702628606.52
REGN,Regeneron Pharmaceuticals Inc,NASDAQ,40910856218.92
ROKU,Roku Inc,NASDAQ,4381577002.26
ROST,Ross Stores Inc,NASDAQ,29648175184.98
RGLD,Royal Gold Inc,NASDAQ,5442523215.7
RYAAY,Ryanair Holdings plc,NASDAQ,12130349230.87
SABR,Sabre Corporation,NASDAQ,5304060315.4
SAGE,Sage Therapeutics Inc,NASDAQ,6960754461.18
SAFM,Sanderson Farms Inc,NASDAQ,3869281070.64
SRPT,Sarepta Therapeutics Inc,NASDAQ,3506932374.26
SBAC,SBA Communications Corporation,NASDAQ,19416874978.82
SGMS,Scientific Games Corp,NASDAQ,4629978051.75
SNI,Scripps Networks Interactive Inc,NASDAQ,10633593824.4
STX,Seagate Technology PLC,NASDAQ,11714509304.2
SGEN,Seattle Genetics Inc,NASDAQ,8529193487.66
SEIC,SEI Investments Company,NASDAQ,11215237458.12
SNH,Senior Housing Properties Trust,NASDAQ,4529235595.54
SHPG,Shire plc,NASDAQ,10787438948
SBNY,Signature Bank,NASDAQ,7562770841.31
SLAB,Silicon Laboratories Inc,NASDAQ,3803194812.25
SINA,Sina Corporation,NASDAQ,6938352313.2
SBGI,Sinclair Broadcast Group Inc,NASDAQ,3627096203.85
SIRI,Sirius XM Holdings Inc,NASDAQ,25920424811.28
SWKS,Skyworks Solutions Inc,NASDAQ,17637493725.2
SLM,SLM Corporation,NASDAQ,5066065758.72
LNCE,Snyder&#39;s-Lance Inc,NASDAQ,3746173390.52
SPLK,Splunk Inc,NASDAQ,11258008828.04
SSNC,SS&C Technologies Holdings Inc,NASDAQ,8364121988.09
SBUX,Starbucks Corporation,NASDAQ,83390308000
STLD,Steel Dynamics Inc,NASDAQ,9643937608.8
SRCL,Stericycle Inc,NASDAQ,5684126084.08
SIVB,SVB Financial Group,NASDAQ,12250089124.83
SYMC,Symantec Corporation,NASDAQ,17347098066.78
SNPS,Synopsys Inc,NASDAQ,13616776950
TROW,T Rowe Price Group Inc,NASDAQ,24897356199
TTWO,Take-Two Interactive Software Inc,NASDAQ,12182009154.37
AMTD,TD Ameritrade Holding Corporation,NASDAQ,29906046861.75
TECD,Tech Data Corporation,NASDAQ,3687891888.42
TSRO,TESARO Inc,NASDAQ,4589290903.92
TSLA,Tesla Inc ,NASDAQ,52963078186.35
TCBI,Texas Capital Bancshares Inc,NASDAQ,4476314359
TXN,Texas Instruments Incorporated,NASDAQ,96604649129.82
TXRH,Texas Roadhouse Inc,NASDAQ,3659125823.9
TFSL,TFS Financial Corporation,NASDAQ,4286333848
CG,The Carlyle Group LP,NASDAQ,7407312539.4
GT,The Goodyear Tire & Rubber Company,NASDAQ,7820885615.5
HAIN,The Hain Celestial Group Inc,NASDAQ,4244042122.32
KHC,The Kraft Heinz Company,NASDAQ,95625355769.28
MSG,The Madison Square Garden Company,NASDAQ,5044055241.87
MIK,The Michaels Companies Inc,NASDAQ,4023719697
MIDD,The Middleby Corporation,NASDAQ,7023216354.36
PCLN,The Priceline Group Inc ,NASDAQ,83875815992.64
TSG,The Stars Group Inc,NASDAQ,3517432940.25
ULTI,The Ultimate Software Group Inc,NASDAQ,6389834179.08
TMUS,T-Mobile US Inc,NASDAQ,52031034688.92
TSCO,Tractor Supply Company,NASDAQ,8495684868.24
TRMB,Trimble Inc,NASDAQ,10375083173
TRIP,TripAdvisor Inc,NASDAQ,4791338575.5
FOX,Twenty-First Century Fox Inc,NASDAQ,61077907176.3
FOXA,Twenty-First Century Fox Inc,NASDAQ,40657300634.7
UBNT,Ubiquiti Networks Inc,NASDAQ,5125123666.48
ULTA,Ulta Beauty Inc,NASDAQ,13695230801.52
UMBF,UMB Financial Corporation,NASDAQ,3653276419.98
UMPQ,Umpqua Holdings Corporation,NASDAQ,4675520073.73
UBSI,United Bankshares Inc,NASDAQ,3674734805
UTHR,United Therapeutics Corporation,NASDAQ,5885777529.13
OLED,Universal Display Corporation,NASDAQ,8123911965.4
URBN,Urban Outfitters Inc,NASDAQ,3581941905.39
VNQI,Vanguard Global ex-US Real Estate ETF,NASDAQ,5462029619.52
VCIT,Vanguard Intermediate-Term Corporate Bond ETF,NASDAQ,18392141763.19
VMBS,Vanguard Mortgage-Backed Securities ETF,NASDAQ,4766031332.1
VCSH,Vanguard Short-Term Corporate Bond ETF,NASDAQ,21841209529.29
VTIP,Vanguard Short-Term Inflation-Protected Securities Index Fund,NASDAQ,4411638223.37
BNDX,Vanguard Total International Bond ETF,NASDAQ,8179193339.64
VXUS,Vanguard Total International Stock ETF,NASDAQ,9962888794.2
VEON,VEON Ltd,NASDAQ,5230505966.25
VRSN,VeriSign Inc,NASDAQ,11136450123.96
VRSK,Verisk Analytics Inc,NASDAQ,15836774257.92
VRTX,Vertex Pharmaceuticals Incorporated,NASDAQ,36319378001.28
VIA,Viacom Inc,NASDAQ,13676774924
VIAB,Viacom Inc,NASDAQ,10177106680.48
VSAT,ViaSat Inc,NASDAQ,4183177932.34
VOD,Vodafone Group Plc,NASDAQ,14507038079.66
WBA,Walgreens Boots Alliance Inc,NASDAQ,70859952553.05
WB,Weibo Corporation,NASDAQ,6424110851.76
WEN,Wendy&#39;s Company (The),NASDAQ,3693500254.5
WDC,Western Digital Corporation,NASDAQ,24097735768.46
WLTW,Willis Towers Watson Public Limited Company,NASDAQ,20526754801.74
WTFC,Wintrust Financial Corporation,NASDAQ,4628767319.73
WWD,Woodward Inc,NASDAQ,4602679797.52
WDAY,Workday Inc,NASDAQ,22018500000
WYNN,Wynn Resorts Limited,NASDAQ,16397926910.22
XLNX,Xilinx Inc,NASDAQ,17200311149.14
YNDX,Yandex NV,NASDAQ,10714766094.89
YY,YY Inc,NASDAQ,4977326755.9
ZBRA,Zebra Technologies Corporation,NASDAQ,5739636212.64
Z,Zillow Group Inc,NASDAQ,7589063234.48
ZG,Zillow Group Inc,NASDAQ,7596618299.92
ZION,Zions Bancorporation,NASDAQ,10172950511.68
MMM,3M Company,NYSE,141832158758.04
WUBA,58com Inc,NYSE,10179524666.16
ABB,ABB Ltd,NYSE,55922630950.6
ABT,Abbott Laboratories,NYSE,95106421537.68
ABBV,AbbVie Inc,NYSE,153177433553
ACN,Accenture plc,NYSE,95620301836.6
AYI,Acuity Brands Inc,NYSE,7235548546.35
ADNT,Adient plc,NYSE,7347063283.04
AAP,Advance Auto Parts Inc,NYSE,7412712693.33
ASX,Advanced Semiconductor Engineering Inc,NYSE,10810265068.08
ACM,AECOM,NYSE,6079568093.9
AEG,Aegon NV,NYSE,12670114151.81
AER,Aercap Holdings NV,NYSE,8273711529.16
AET,Aetna Inc,NYSE,59588253000
AMG,Affiliated Managers Group Inc,NYSE,11140283223.45
AFL,Aflac Incorporated,NYSE,34660070499.2
AGCO,AGCO Corporation,NYSE,5764146480.68
A,Agilent Technologies Inc,NYSE,21684770842.14
AEM,Agnico Eagle Mines Limited,NYSE,9952564424.04
AGU,Agrium Inc,NYSE,14663373338.32
AL,Air Lease Corporation,NYSE,4530175324.72
APD,Air Products and Chemicals Inc,NYSE,35180064238.32
ALK,Alaska Air Group Inc,NYSE,8581151116.78
ALB,Albemarle Corporation,NYSE,14430732020.6
AA,Alcoa Corporation,NYSE,7659949260.6
ARE,Alexandria Real Estate Equities Inc,NYSE,12443317380
AQN,Algonquin Power & Utilities Corp,NYSE,4719398480.28
BABA,Alibaba Group Holding Limited,NYSE,455743510746.12
Y,Alleghany Corporation,NYSE,9014213228.4
ALLE,Allegion plc,NYSE,7837216094.4
AGN,Allergan plc,NYSE,55807443676.6
ALE,Allete Inc,NYSE,4048976069.14
ADS,Alliance Data Systems Corporation,NYSE,12875701844.35
LNT,Alliant Energy Corporation,NYSE,10390323938.4
ALSN,Allison Transmission Holdings Inc,NYSE,5922763967.88
ALL,Allstate Corporation (The),NYSE,36779658952.5
ALLY,Ally Financial Inc,NYSE,12668626178.25
ATUS,Altice USA Inc,NYSE,14063275871.28
MO,Altria Group,NYSE,136511889564.12
ACH,Aluminum Corporation of China Limited,NYSE,9353623766.01
ABEV,Ambev SA,NYSE,99745546901.7
AEE,Ameren Corporation,NYSE,15332092885.62
AMOV,America Movil SAB de CV,NYSE,56619445684.1466
AMX,America Movil SAB de CV,NYSE,56610858272.74
ACC,American Campus Communities Inc,NYSE,5904539179.68
AEP,American Electric Power Company Inc,NYSE,37840627426.91
AXP,American Express Company,NYSE,85541030437.5
AFG,American Financial Group Inc,NYSE,9233335386.87
AMH,American Homes 4 Rent,NYSE,6242294249.59
AIG,American International Group Inc,NYSE,53497072168.21
AMT,American Tower Corporation (REIT),NYSE,60258594888.72
AWK,American Water Works,NYSE,16324916608
APU,AmeriGas Partners LP,NYSE,4238185540.68
AMP,AMERIPRISE FINANCIAL SERVICES INC,NYSE,25127391668.46
ABC,AmerisourceBergen Corporation (Holding Co),NYSE,18907713821.7
APH,Amphenol Corporation,NYSE,27278994836.64
AME,AMTEK Inc,NYSE,16580348286.7
APC,Anadarko Petroleum Corporation,NYSE,26219790131.44
ANDV,Andeavor,NYSE,17321941746.56
ANDX,Andeavor Logistics LP,NYSE,9727392637.55
AU,AngloGold Ashanti Limited,NYSE,3740249965.12
BUD,Anheuser-Busch Inbev SA,NYSE,215933280000
NLY,Annaly Capital Management Inc,NYSE,13810157451.57
AMGP,Antero Midstream GP LP,NYSE,3462984735
AM,Antero Midstream Partners LP,NYSE,5343166511.2
AR,Antero Resources Corporation,NYSE,5753980420.31
ANTM,Anthem Inc,NYSE,57732603146.85
ANTX,Anthem Inc,NYSE,14839227760
AON,Aon plc,NYSE,34608334134.88
APA,Apache Corporation,NYSE,15504365000.3
AIV,Apartment Investment and Management Company,NYSE,6929438846.82
APO,Apollo Global Management LLC,NYSE,13047039166.7
APLE,Apple Hospitality REIT Inc,NYSE,4403220981.6
ATR,AptarGroup Inc,NYSE,5475627481.2
APTV,Aptiv PLC,NYSE,22654867244.68
WTR,Aqua America Inc,NYSE,6784227031.64
ARMK,Aramark,NYSE,10460704877.85
MT,ArcelorMittal,NYSE,31923789436.13
ADM,Archer-Daniels-Midland Company,NYSE,23214480451.12
ARNC,Arconic Inc,NYSE,11778002611.19
ARD,Ardagh Group SA,NYSE,4747267000
ARES,Ares Management LP,NYSE,3929469375
ANET,Arista Networks Inc,NYSE,16286092476.76
ARW,Arrow Electronics Inc,NYSE,6851337240
AJG,Arthur J Gallagher & Co,NYSE,11876686310
ASH,Ashland Global Holdings Inc,NYSE,4358683507.08
ASB,Associated Banc-Corp,NYSE,3786678315.15
AIZ,Assurant Inc,NYSE,5334354514.91
AGO,Assured Guaranty Ltd,NYSE,4124979176.88
AZN,Astrazeneca PLC,NYSE,82896470453.44
T,AT&T Inc,NYSE,225485470000
ATH,Athene Holding Ltd,NYSE,10297754703
ATO,Atmos Energy Corporation,NYSE,10181443446
AUO,AU Optronics Corp,NYSE,4013310210.87
ATHM,Autohome Inc,NYSE,6687986180
ALV,Autoliv Inc,NYSE,11186521846.95
AN,AutoNation Inc,NYSE,5072242008.15
AZO,AutoZone Inc,NYSE,19846575262.8
AVB,AvalonBay Communities Inc,NYSE,25162370942.52
AGR,Avangrid Inc,NYSE,16108444829.36
AVY,Avery Dennison Corporation,NYSE,10012376132.64
AVT,Avnet Inc,NYSE,4733099884.18
AXTA,Axalta Coating Systems Ltd,NYSE,7896062203.89
AXS,Axis Capital Holdings Limited,NYSE,4178737840.5
BHGE,Baker Hughes a GE company,NYSE,34656378719.3
BLL,Ball Corporation,NYSE,13862203542
BBVA,Banco Bilbao Viscaya Argentaria SA,NYSE,56610357064.2
BBD,Banco Bradesco Sa,NYSE,60729034627.8
BBDO,Banco Bradesco Sa,NYSE,56712886045.2
BCH,Banco De Chile,NYSE,13443189244.2
BSBR,Banco Santander Brasil SA,NYSE,72250402200
BSAC,Banco Santander Chile,NYSE,12729535838.32
SAN,Banco Santander SA,NYSE,106659975177.02
CIB,BanColombia SA,NYSE,9375408682.5
BAC,Bank of America Corporation,NYSE,303009327258.75
BOH,Bank of Hawaii Corporation,NYSE,3587321401.35
BMO,Bank Of Montreal,NYSE,50808233820.74
BK,Bank Of New York Mellon Corporation (The),NYSE,55983302038.51
BNS,Bank of Nova Scotia (The),NYSE,77950061475
BKU,BankUnited Inc,NYSE,4284570375.33
BCS,Barclays PLC,NYSE,44784290956.15
ABX,Barrick Gold Corporation,NYSE,15919494686.55
BAX,Baxter International Inc,NYSE,34896484668.15
BBT,BB&T Corporation,NYSE,39296157600.12
BFR,BBVA Banco Frances SA,NYSE,4582694084.76
BCE,BCE Inc,NYSE,43563789094.12
BDX,Becton Dickinson and Company,NYSE,50082279095.04
BDC,Belden Inc,NYSE,3470911311.6
BMS,Bemis Company Inc,NYSE,4294169253.93
BERY,Berry Global Group Inc,NYSE,7886200000
BBY,Best Buy Co Inc,NYSE,18647507243.63
BHP,BHP Billiton Limited,NYSE,109296852337
BBL,BHP Billiton plc,NYSE,95721256942
BIO,Bio-Rad Laboratories Inc,NYSE,7592166684.2
BKI,Black Knight Inc,NYSE,6990557497.9
BSM,Black Stone Minerals LP,NYSE,3631828733.82
BB,BlackBerry Limited,NYSE,5497150440
BLK,BlackRock Inc,NYSE,82649625673.89
BA,Boeing Company (The),NYSE,170275899725.7
BAH,Booz Allen Hamilton Holding Corporation,NYSE,5571477360.62
BWA,BorgWarner Inc,NYSE,11334677706.24
BXP,Boston Properties Inc,NYSE,19237813679.56
BSX,Boston Scientific Corporation,NYSE,35387248473.09
BYD,Boyd Gaming Corporation,NYSE,3602511791.5
BP,BP plc,NYSE,130654755453.4
BAK,Braskem SA,NYSE,10445054550
BRFS,BRF SA,NYSE,9052317322.2
BFAM,Bright Horizons Family Solutions Inc,NYSE,5430896507.4
BCO,Brink&#39;s Company (The),NYSE,4061385829.3
BMY,Bristol-Myers Squibb Company,NYSE,102162795024.32
BTI,British American Tobacco plc,NYSE,153122183156.52
BRX,Brixmor Property Group Inc,NYSE,5467522991.92
BR,Broadridge Financial Solutions Inc,NYSE,10434945056.41
BAM,Brookfield Asset Management Inc,NYSE,42879547593
BIP,Brookfield Infrastructure Partners LP,NYSE,12156569782.54
BEP,Brookfield Renewable Partners LP,NYSE,5887313384.05
BRO,Brown & Brown Inc,NYSE,7239232842.75
BC,Brunswick Corporation,NYSE,4886080503.64
BT,BT Group plc,NYSE,35783360053.76
BPL,Buckeye Partners LP,NYSE,6827747945.76
BG,Bunge Limited,NYSE,9814221960.34
BURL,Burlington Stores Inc,NYSE,7704502834.53
BWXT,BWX Technologies Inc,NYSE,6161037049.38
BCR,CR Bard Inc,NYSE,24258581401.6
CABO,Cable One Inc,NYSE,3877873559.2
CBT,Cabot Corporation,NYSE,3622195801.62
COG,Cabot Oil & Gas Corporation,NYSE,12834608488.5
CAE,CAE Inc,NYSE,4681971459
CAA,CalAtlantic Group Inc,NYSE,6112530413.6
CPN,Calpine Corporation,NYSE,5440978001.04
CPT,Camden Property Trust,NYSE,8540941178.88
CCJ,Cameco Corporation,NYSE,4104370630.84
CPB,Campbell Soup Company,NYSE,14710870123.95
CWH,Camping World Holdings Inc,NYSE,4025734732.8
CM,Canadian Imperial Bank of Commerce,NYSE,41062419456
CNI,Canadian National Railway Company,NYSE,59695450574.88
CNQ,Canadian Natural Resources Limited,NYSE,42452169346.55
CP,Canadian Pacific Railway Limited,NYSE,26128727733.03
CAJ,Canon Inc,NYSE,51149828844.4
CMD,Cantel Medical Corp,NYSE,4159680781.5
COF,Capital One Financial Corporation,NYSE,46433645193.78
CAH,Cardinal Health Inc,NYSE,18527008418.49
CSL,Carlisle Companies Incorporated,NYSE,7074491548.68
KMX,CarMax Inc,NYSE,12303631706.52
CCL,Carnival Corporation,NYSE,47981518232.49
CUK,Carnival Corporation,NYSE,14128658278.8
CRI,Carter&#39;s Inc,NYSE,5303051799.5
CTLT,Catalent Inc,NYSE,5277180213.84
CAT,Caterpillar Inc,NYSE,85587145106.52
CBG,CBRE Group Inc,NYSE,14807207599.56
CBS,CBS Corporation,NYSE,21972161544.34
FUN,Cedar Fair LP,NYSE,3756697598.4
CE,Celanese Corporation,NYSE,14450700138.28
CX,Cemex SAB de CV,NYSE,10880116799.31
CVE,Cenovus Energy Inc,NYSE,11598903748.64
CNC,Centene Corporation,NYSE,17487892251.54
CNP,CenterPoint Energy Inc,NYSE,12461178745.19
EBR,Centrais Electricas Brasileiras SA- Eletrobras,NYSE,7696488029
CTL,CenturyLink Inc,NYSE,15682278895.11
CF,CF Industries Holdings Inc,NYSE,9157789484.48
GIB,CGI Group Inc,NYSE,13581714066.7
CRL,Charles River Laboratories International Inc,NYSE,4918020548.32
CHE,Chemed Corp,NYSE,3810286615.95
CC,Chemours Company (The),NYSE,8821168368.96
CVX,Chevron Corporation,NYSE,227772921445.76
CIM,Chimera Investment Corporation,NYSE,3545305827.52
CEA,China Eastern Airlines Corporation Ltd,NYSE,8373838574.22
LFC,China Life Insurance Company Limited,NYSE,89938291310
CHL,China Mobile (Hong Kong) Ltd,NYSE,201314947823.64
SNP,China Petroleum & Chemical Corporation,NYSE,85875808969.28
ZNH,China Southern Airlines Company Limited,NYSE,9382001122.5
CHA,China Telecom Corp Ltd,NYSE,38912105600
CHU,China Unicom (Hong Kong) Ltd,NYSE,41307467859
CMG,Chipotle Mexican Grill Inc,NYSE,8918780375.7
CHH,Choice Hotels International Inc,NYSE,4439785179
CB,Chubb Limited,NYSE,69656508999.3
CHT,Chunghwa Telecom Co Ltd,NYSE,27120034712
CHD,Church & Dwight Company Inc,NYSE,12096386552.8
CI,Cigna Corporation,NYSE,51768041768.82
XEC,Cimarex Energy Co,NYSE,10659694821.9
CNK,Cinemark Holdings Inc,NYSE,4197467220.16
CIT,CIT Group Inc (DEL),NYSE,6541940386.24
C,Citigroup Inc,NYSE,200177391344.29
CFG,Citizens Financial Group Inc,NYSE,20535721161.22
CLX,Clorox Company (The),NYSE,18725745761.73
CMS,CMS Energy Corporation,NYSE,14045408593.19
CNA,CNA Financial Corporation,NYSE,14510674313.7
CNHI,CNH Industrial NV,NYSE,17809615129.18
CNO,CNO Financial Group Inc,NYSE,4262840627.43
KOF,Coca Cola Femsa SAB de CV,NYSE,14321153600
KO,Coca-Cola Company (The),NYSE,193050836087.96
CCE,Coca-Cola European Partners plc,NYSE,18786781071.12
CFX,Colfax Corporation,NYSE,4531894217.64
CL,Colgate-Palmolive Company,NYSE,64382674950.36
CLNS,Colony NorthStar Inc,NYSE,6653547492.06
CMA,Comerica Incorporated,NYSE,14852344245.2
CBD,Companhia Brasileira de Distribuicao,NYSE,5992589690
SBS,Companhia de saneamento Basico Do Estado De Sao Paulo - Sabesp,NYSE,6876109282.14
CCU,Compania Cervecerias Unidas SA,NYSE,4748111905.2
CAG,ConAgra Brands Inc,NYSE,15216555417
CXO,Concho Resources Inc,NYSE,20848670646.72
COP,ConocoPhillips,NYSE,61652751043.68
ED,Consolidated Edison Inc,NYSE,27571317429.24
STZ,Constellation Brands Inc,NYSE,42638796196.92
CLR,Continental Resources Inc,NYSE,17983762768.72
COO,Cooper Companies Inc (The),NYSE,11089939814.4
CPA,Copa Holdings SA,NYSE,5663961576.36
CLB,Core Laboratories NV,NYSE,4458883865
CLGX,CoreLogic Inc,NYSE,3745537868.22
COR,CoreSite Realty Corporation,NYSE,3953524051.84
GLW,Corning Incorporated,NYSE,28114008054.6
CCT,Corporate Capital Trust Inc,NYSE,5803754317.4
COTY,Coty Inc,NYSE,13325959972.36
CUZ,Cousins Properties Incorporated,NYSE,3922991824.92
CPL,CPFL Energia SA,NYSE,5761397462.36
CR,Crane Company,NYSE,5104089766
BAP,Credicorp Ltd,NYSE,19732444740
CS,Credit Suisse Group,NYSE,44534730747.15
CPG,Crescent Point Energy Corporation,NYSE,3853308351.04
CRH,CRH PLC,NYSE,29921716185.75
CCI,Crown Castle International Corporation,NYSE,44487122464.5
CCK,Crown Holdings Inc,NYSE,7895244756
CSRA,CSRA Inc,NYSE,4788925591.8
CUBE,CubeSmart,NYSE,5182251852.15
CFR,Cullen/Frost Bankers Inc,NYSE,5970939334.23
CMI,Cummins Inc,NYSE,28360531184.64
CW,Curtiss-Wright Corporation,NYSE,5397462388.53
CVS,CVS Health Corporation,NYSE,74039616343.25
DHI,DR Horton Inc,NYSE,19044420956.62
DAN,Dana Incorporated,NYSE,4638767979.1
DHR,Danaher Corporation,NYSE,64816497847.26
DRI,Darden Restaurants Inc,NYSE,10686606915.06
DVA,DaVita Inc,NYSE,12411243000
DCP,DCP Midstream LP,NYSE,5119027056.16
DCT,DCT Industrial Trust Inc,NYSE,5560028219.7
DE,Deere & Company,NYSE,48778444000
DVMT,Dell Technologies Inc,NYSE,15692609032.5
DLPH,Delphi Technologies PLC,NYSE,4519276464
DAL,Delta Air Lines Inc,NYSE,38115544010.94
DLX,Deluxe Corporation,NYSE,3491220774.1
DB,Deutsche Bank AG,NYSE,40042956000
DVN,Devon Energy Corporation,NYSE,19995275000
DEO,Diageo plc,NYSE,88449891285.7
DLR,Digital Realty Trust Inc,NYSE,23586861461.7
DFS,Discover Financial Services,NYSE,26817490420.2
DLB,Dolby Laboratories,NYSE,6320461964.21
DG,Dollar General Corporation,NYSE,25516925886.9
D,Dominion Energy Inc,NYSE,53979277023.72
DPZ,Domino&#39;s Pizza Inc,NYSE,8043146606.95
DCI,Donaldson Company Inc,NYSE,6340657534.47
DEI,Douglas Emmett Inc,NYSE,6887812613.96
DOV,Dover Corporation,NYSE,15361001474
DWDP,DowDuPont Inc,NYSE,165507511160.53
DPS,Dr Pepper Snapple Group Inc,NYSE,16997977988.25
RDY,Dr Reddy&#39;s Laboratories Ltd,NYSE,5678047651.71
DST,DST Systems Inc,NYSE,3721607185.8
DTE,DTE Energy Company,NYSE,20717784130.14
DUK,Duke Energy Corporation,NYSE,61632852812.7
DRE,Duke Realty Corporation,NYSE,9939891123.5
DNB,Dun & Bradstreet Corporation (The),NYSE,4484324768.88
DXC,DXC Technology Company,NYSE,27365830707.85
EXP,Eagle Materials Inc,NYSE,5647803622.75
EMN,Eastman Chemical Company,NYSE,13249436899.82
ETN,Eaton Corporation PLC,NYSE,34053974000
EV,Eaton Vance Corporation,NYSE,6736722499.36
ECL,Ecolab Inc,NYSE,39098772895.65
EC,Ecopetrol SA,NYSE,24998950365.44
EIX,Edison International,NYSE,23393244590.8
EW,Edwards Lifesciences Corporation,NYSE,24977495734.73
LLY,Eli Lilly and Company,NYSE,95189637765.95
ERJ,Embraer-Empresa Brasileira de Aeronautica,NYSE,3655159738.65
EME,EMCOR Group Inc,NYSE,4770975050.4
EMR,Emerson Electric Company,NYSE,42713110218.9
ESRT,Empire State Realty Trust Inc,NYSE,6500483709.09
ENBL,Enable Midstream Partners LP,NYSE,6332774350.56
EEP,Enbridge Energy LP,NYSE,7181957171.4
ENB,Enbridge Inc,NYSE,63400969908.36
ECA,Encana Corporation,NYSE,11471929816.23
ENIA,Enel Americas SA,NYSE,11272208262.3
ENIC,Enel Chile SA,NYSE,5095829811.45
EOCC,Enel Generacion Chile SA,NYSE,6725438747.4
EGN,Energen Corporation,NYSE,5282925656.4
ETE,Energy Transfer Equity LP,NYSE,17342503432.1
ETP,Energy Transfer Partners LP,NYSE,19030979987.28
E,ENI SpA,NYSE,59509784778.75
ENLK,EnLink Midstream Partners LP,NYSE,5339832589.8
ETR,Entergy Corporation,NYSE,15148328244.28
EPD,Enterprise Products Partners LP,NYSE,53897495090.34
EVHC,Envision Healthcare Corporation,NYSE,3880018005.42
EOG,EOG Resources Inc,NYSE,58047428499.7
EPAM,EPAM Systems Inc,NYSE,5382130639.26
EPR,EPR Properties,NYSE,4934262479.02
EQT,EQT Corporation,NYSE,14954400340
EQGP,EQT GP Holdings LP,NYSE,6787207500
EQM,EQT Midstream Partners LP,NYSE,5574646018.44
EFX,Equifax Inc,NYSE,14097318742.4
EQC,Equity Commonwealth,NYSE,3743778495.31
ELS,Equity Lifestyle Properties Inc,NYSE,8015981439.96
EQR,Equity Residential,NYSE,24184173766.66
ESNT,Essent Group Ltd,NYSE,4583091975.36
ESS,Essex Property Trust Inc,NYSE,16133506554.99
EL,Estee Lauder Companies Inc (The),NYSE,46261629636.86
EVR,Evercore Inc,NYSE,3481369247.7
RE,Everest Re Group Ltd,NYSE,8718273793.2
ES,Eversource Energy,NYSE,20667292397.76
EXC,Exelon Corporation,NYSE,39442994016.65
EXR,Extra Space Storage Inc,NYSE,10871953242.84
XOM,Exxon Mobil Corporation,NYSE,350239188324.82
FNB,FNB Corporation,NYSE,4552206292.48
FDS,FactSet Research Systems Inc,NYSE,7902906374.22
FICO,Fair Isaac Corporation,NYSE,4717761665.51
FRT,Federal Realty Investment Trust,NYSE,9452131692.3
FII,Federated Investors Inc,NYSE,3516458746.5
FDX,FedEx Corporation,NYSE,64551188117.64
RACE,Ferrari NV,NYSE,25977993315.12
FCAU,Fiat Chrysler Automobiles NV,NYSE,34273215202.77
FBR,Fibria Celulose SA,NYSE,7882815342
FNF,Fidelity National Financial Inc,NYSE,13569687404.4
FIS,Fidelity National Information Services Inc,NYSE,32001300613.35
FAF,First American Corporation (The),NYSE,6210204798.36
FDC,First Data Corporation,NYSE,15255669124.08
FHN,First Horizon National Corporation,NYSE,4670556469.1
FR,First Industrial Realty Trust Inc,NYSE,3879447098.67
FRC,FIRST REPUBLIC BANK,NYSE,14898390144.21
FE,FirstEnergy Corporation,NYSE,14604688238.49
FLT,FleetCor Technologies Inc,NYSE,16696817706.84
FND,Floor & Decor Holdings Inc,NYSE,4234320757.68
FLO,Flowers Foods Inc,NYSE,4246693150.06
FLS,Flowserve Corporation,NYSE,5503653266.21
FLR,Fluor Corporation,NYSE,7046915800.32
FMC,FMC Corporation,NYSE,11923788859.42
FMX,Fomento Economico Mexicano SAB de CV,NYSE,33434946266.88
FL,Foot Locker Inc,NYSE,5576170632.96
F,Ford Motor Company,NYSE,50090730641.12
FTS,Fortis Inc,NYSE,15477095248.86
FTV,Fortive Corporation,NYSE,25611621015.13
FBHS,Fortune Brands Home & Security Inc,NYSE,10355848734.06
FNV,Franco-Nevada Corporation,NYSE,14460761213.52
BEN,Franklin Resources Inc,NYSE,24743071387.41
FCX,Freeport-McMoran Inc,NYSE,21670432299.96
FMS,Fresenius Medical Care Corporation,NYSE,31709126255.6
GPS,Gap Inc (The),NYSE,13022823374.77
GDI,Gardner Denver Holdings Inc,NYSE,6337031136.13
IT,Gartner Inc,NYSE,10942535201.69
GD,General Dynamics Corporation,NYSE,60036060284.81
GE,General Electric Company,NYSE,153582625350
GIS,General Mills Inc,NYSE,31736020053.12
GM,General Motors Company,NYSE,60999485524.56
GWR,Genesee & Wyoming Inc,NYSE,4901574050.28
G,Genpact Limited,NYSE,6283530054.9
GPC,Genuine Parts Company,NYSE,13906290095.6
GGB,Gerdau SA,NYSE,5965215418.71
GGP,GGP Inc,NYSE,22415681795.1
GIL,Gildan Activewear Inc,NYSE,7045414686.7
GSK,GlaxoSmithKline PLC,NYSE,86495229699.26
GPN,Global Payments Inc,NYSE,15813983368.47
GMED,Globus Medical Inc,NYSE,3734574107.5
GDDY,GoDaddy Inc,NYSE,8149819785.12
GOL,Gol Linhas Aereas Inteligentes SA,NYSE,22551254657.4
GG,Goldcorp Inc,NYSE,10370936537.52
GS,Goldman Sachs Group Inc (The),NYSE,94432390267.65
GGG,Graco Inc,NYSE,7301390400
GPT,Gramercy Property Trust,NYSE,4455393991.01
GPK,Graphic Packaging Holding Company,NYSE,4769594183.2
GXP,Great Plains Energy Inc,NYSE,7444640019.92
GEF,Greif Bros Corporation,NYSE,3767964958.04
GRUB,GrubHub Inc,NYSE,5914301791.68
PAC,Grupo Aeroportuario Del Pacifico SA de CV,NYSE,5792886000
ASR,Grupo Aeroportuario del Sureste SA de CV,NYSE,5338800000
AVAL,Grupo Aval Acciones y Valores SA,NYSE,9291184147.38
BSMX,Grupo Financiero Santander Mexico SA B de CV,NYSE,10587711115.8
TV,Grupo Televisa SA,NYSE,11016346375.6
GSH,Guangshen Railway Company Limited,NYSE,4097117800.8
GWRE,Guidewire Software Inc,NYSE,5589839263.89
HRB,H&R Block Inc,NYSE,5690612029.54
HAL,Halliburton Company,NYSE,38383074322.97
HBI,Hanesbrands Inc,NYSE,7565121755.75
HOG,Harley-Davidson Inc,NYSE,8615029803.49
HRS,Harris Corporation,NYSE,17075478787.5
HIG,Hartford Financial Services Group Inc (The),NYSE,19680169741.11
HE,Hawaiian Electric Industries Inc,NYSE,4121900706.42
HCA,HCA Healthcare Inc,NYSE,30037814100
HCP,HCP Inc,NYSE,12562724264.22
HDB,HDFC Bank Limited,NYSE,81659790118
HR,Healthcare Realty Trust Incorporated,NYSE,4075163212.51
HTA,Healthcare Trust of America Inc,NYSE,6257219020.26
HLS,HealthSouth Corporation,NYSE,4837874664.84
HEI,Heico Corporation,NYSE,7590892067.64
HP,Helmerich & Payne Inc,NYSE,6300207781.47
HLF,Herbalife LTD,NYSE,6066308925.72
HSY,Hershey Company (The),NYSE,23850718827.2
HES,Hess Corporation,NYSE,14454630551.76
HPE,Hewlett Packard Enterprise Company,NYSE,22872300000
HXL,Hexcel Corporation,NYSE,5434441056
HIW,Highwoods Properties Inc,NYSE,5316287920.6
HRC,Hill-Rom Holdings Inc,NYSE,5476307116.8
HGV,Hilton Grand Vacations Inc,NYSE,4232090036.83
HLT,Hilton Worldwide Holdings Inc,NYSE,25077792613.12
HFC,HollyFrontier Corporation,NYSE,8099606157.09
HD,Home Depot Inc (The),NYSE,214176774210.79
HMC,Honda Motor Company Ltd,NYSE,59997870207.01
HON,Honeywell International Inc,NYSE,117061687299.18
HRL,Hormel Foods Corporation,NYSE,19656322019.04
HST,Host Hotels & Resorts Inc,NYSE,14683349729.28
HHC,Howard Hughes Corporation (The),NYSE,5479819361.16
HPQ,HP Inc,NYSE,35192259596.97
HSBC,HSBC Holdings plc,NYSE,197427419370.16
HNP,Huaneng Power International Inc,NYSE,9523040225.16
HUBB,Hubbell Inc,NYSE,7152814599.25
HPP,Hudson Pacific Properties Inc,NYSE,5421554067.96
HUM,Humana Inc,NYSE,36642186023.04
HII,Huntington Ingalls Industries Inc,NYSE,10727370047.55
HUN,Huntsman Corporation,NYSE,7308246736.35
H,Hyatt Hotels Corporation,NYSE,8595015984.86
IBN,ICICI Bank Limited,NYSE,30877776372.96
IDA,IDACORP Inc,NYSE,4896187572.08
IEX,IDEX Corporation,NYSE,10133940720.8
ITW,Illinois Tool Works Inc,NYSE,57039305012.65
INFY,Infosys Limited,NYSE,36016854426.56
ING,ING Group NV,NYSE,72078472431.35
IR,Ingersoll-Rand plc (Ireland),NYSE,21890923652.65
INGR,Ingredion Incorporated,NYSE,10053194850
ICE,Intercontinental Exchange Inc,NYSE,41495906663.68
IHG,Intercontinental Hotels Group,NYSE,11350013353.2
IFF,Internationa Flavors & Fragrances Inc,NYSE,12086664260.32
IBM,International Business Machines Corporation,NYSE,143321763228.18
IGT,International Game Technology,NYSE,5398808100
IP,International Paper Company,NYSE,23499744431.1
IPG,Interpublic Group of Companies Inc (The),NYSE,7857665750.46
INXN,InterXion Holding NV,NYSE,4049947060
IVZ,Invesco Plc,NYSE,15334648225.1
INVH,Invitation Homes Inc,NYSE,12262981823.4
IQV,IQVIA Holdings Inc,NYSE,21079570624.5
IRM,Iron Mountain Incorporated,NYSE,10709516211.28
ICL,Israel Chemicals Shs,NYSE,5143851325.21
ITCB,Ita? CorpBanca,NYSE,3679080529.62
ITUB,Itau Unibanco Banco Holding SA,NYSE,83770719742.71
ITT,ITT Inc,NYSE,4671920000
JPM,J P Morgan Chase & Co,NYSE,367548030371.61
SJM,JM Smucker Company (The),NYSE,13473805879.94
JBL,Jabil Inc,NYSE,4924809655.88
JEC,Jacobs Engineering Group Inc,NYSE,8253134018.22
JHX,James Hardie Industries plc,NYSE,7364865546.81
JHG,Janus Henderson Group plc,NYSE,7240673765.94
JBGS,JBG SMITH Properties,NYSE,4016439493.35
JELD,JELD-WEN Holding Inc,NYSE,4031036828.32
JBT,John Bean Technologies Corporation,NYSE,3491393150
JNJ,Johnson & Johnson,NYSE,377697853829.5
JCI,Johnson Controls International plc,NYSE,34620523798.92
JLL,Jones Lang LaSalle Incorporated,NYSE,6809046878.34
JNPR,Juniper Networks Inc,NYSE,10640465239.14
KSU,Kansas City Southern,NYSE,11569908340.54
KAR,KAR Auction Services Inc,NYSE,6932326278.75
KB,KB Financial Group Inc,NYSE,21910828726.56
K,Kellogg Company,NYSE,22984291279.64
KMPR,Kemper Corporation,NYSE,3472966732.5
KMT,Kennametal Inc,NYSE,3693364332.21
KEY,KeyCorp,NYSE,21389699137.95
KEYS,Keysight Technologies Inc,NYSE,8063416064.85
KRC,Kilroy Realty Corporation,NYSE,7405232409.12
KMB,Kimberly-Clark Corporation,NYSE,42249568702.45
KIM,Kimco Realty Corporation,NYSE,7785200850.61
KMI,Kinder Morgan Inc,NYSE,39729332021.46
KGC,Kinross Gold Corporation,NYSE,4838335505.56
KEX,Kirby Corporation,NYSE,3835532250
KKR,KKR & Co LP,NYSE,9546672216.03
KNX,Knight Transportation Inc,NYSE,7670719220.4
KSS,Kohl&#39;s Corporation,NYSE,8363278296.86
PHG,Koninklijke Philips NV,NYSE,36003568230
KEP,Korea Electric Power Corporation,NYSE,22443064131.92
KR,Kroger Company (The),NYSE,23505080000
KT,KT Corporation,NYSE,7501031708.66
KYO,Kyocera Corporation,NYSE,25408727002.8
LB,L Brands Inc,NYSE,16168149338.56
LLL,L3 Technologies Inc,NYSE,15147855777.5
LH,Laboratory Corporation of America Holdings,NYSE,15907268000
LW,Lamb Weston Holdings Inc,NYSE,8216269039.6
LVS,Las Vegas Sands Corp,NYSE,55618173503.6
LTM,LATAM Airlines Group SA,NYSE,7325404931.44
LAZ,Lazard Ltd,NYSE,6150801855.52
LEA,Lear Corporation,NYSE,11962978815.24
LM,Legg Mason Inc,NYSE,3729904456.14
LEG,Leggett & Platt Incorporated,NYSE,6103145527.4
LDOS,Leidos Holdings Inc,NYSE,9701744159.8
LEN,Lennar Corporation,NYSE,14921055411.8
LII,Lennox International Inc,NYSE,8632981774.4
LUK,Leucadia National Corporation,NYSE,9298727074.8
LPL,LG Display Co Ltd,NYSE,9739743354
LPT,Liberty Property Trust,NYSE,6601378622.14
LSI,Life Storage Inc,NYSE,4196689706.16
LNC,Lincoln National Corporation,NYSE,17186863353.66
LN,LINE Corporation,NYSE,9691905720
LYV,Live Nation Entertainment Inc,NYSE,8964776792.1
LYG,Lloyds Banking Group Plc,NYSE,65310382550.49
LMT,Lockheed Martin Corporation,NYSE,90564991068.85
L,Loews Corporation,NYSE,16777696615.68
LPX,Louisiana-Pacific Corporation,NYSE,3921724643.41
LOW,Lowe&#39;s Companies Inc,NYSE,71288722522.4
LYB,LyondellBasell Industries NV,NYSE,42262474613.48
MTB,M&T Bank Corporation,NYSE,25846498821.24
MAC,Macerich Company (The),NYSE,9255816334
MIC,Macquarie Infrastructure Corporation ,NYSE,5527952013.87
BMA,Macro Bank Inc,NYSE,7952839081.23
M,Macy&#39;s Inc,NYSE,7857621297
MMP,Magellan Midstream Partners LP,NYSE,15300447707.6
MGA,Magna International Inc,NYSE,20294410144.32
MAN,ManpowerGroup,NYSE,8479721866.56
MFC,Manulife Financial Corp,NYSE,41337699790.2
MRO,Marathon Oil Corporation,NYSE,12872402358.3
MPC,Marathon Petroleum Corporation,NYSE,31624688007.5
MKL,Markel Corporation,NYSE,15433068496.94
VAC,Marriot Vacations Worldwide Corporation,NYSE,3578630214.38
MMC,Marsh & McLennan Companies Inc,NYSE,42936319771.38
MLM,Martin Marietta Materials Inc,NYSE,13458229869.1
MAS,Masco Corporation,NYSE,13438229274.24
MTZ,MasTec Inc,NYSE,3926991608.8
MA,Mastercard Incorporated,NYSE,166210637749
MAXR,Maxar Technologies Ltd,NYSE,3718096699.26
MMS,Maximus Inc,NYSE,4612971745.76
MKC,McCormick & Company Incorporated,NYSE,13251795008.04
MCD,McDonald&#39;s Corporation,NYSE,138032684562.2
MCK,McKesson Corporation,NYSE,31806948209.63
MDU,MDU Resources Group Inc,NYSE,5495865140.64
MPW,Medical Properties Trust Inc,NYSE,4945239566.4
MD,Mednax Inc,NYSE,4836356748.52
MDT,Medtronic plc,NYSE,109735702467.16
MRK,Merck & Company Inc,NYSE,151396954920.95
MET,MetLife Inc,NYSE,56571608808.96
MTD,Mettler-Toledo International Inc,NYSE,15940654285.56
MTG,MGIC Investment Corporation,NYSE,5699317399.38
MGM,MGM Resorts International,NYSE,18784466969.1
KORS,Michael Kors Holdings Limited,NYSE,9399980862.02
MFGP,Micro Focus Intl PLC,NYSE,14086377023.88
MAA,Mid-America Apartment Communities Inc,NYSE,11718353953.82
MTU,Mitsubishi UFJ Financial Group Inc,NYSE,92501476320
MFG,Mizuho Financial Group Inc,NYSE,45906076130
MBT,Mobile TeleSystems OJSC,NYSE,8532869057.28
MHK,Mohawk Industries Inc,NYSE,20857062320.89
MOH,Molina Healthcare Inc,NYSE,4288330340
TAP,Molson Coors Brewing  Company,NYSE,13044702349.5
MON,Monsanto Company,NYSE,51635456363.7
MCO,Moody&#39;s Corporation,NYSE,29121729000
MS,Morgan Stanley,NYSE,95619786625.29
MOS,Mosaic Company (The),NYSE,8291792709.38
MSI,Motorola Solutions Inc,NYSE,14988221681.04
MPLX,MPLX LP,NYSE,14536338287.2
MSM,MSC Industrial Direct Company Inc,NYSE,5103449755
MSCI,MSCI Inc,NYSE,11502691939.53
MUR,Murphy Oil Corporation,NYSE,4907972508.12
NFG,National Fuel Gas Company,NYSE,4960344369.96
NGG,National Grid Transco PLC,NYSE,40324419569.35
NOV,National Oilwell Varco Inc,NYSE,12396650722.82
NNN,National Retail Properties,NYSE,6398403411.04
NAV,Navistar International Corporation,NYSE,3917508283.5
NCR,NCR Corporation,NYSE,3845226000
EDU,New Oriental Education & Technology Group Inc,NYSE,14193446834.44
NRZ,New Residential Investment Corp,NYSE,5514061883.46
NYCB,New York Community Bancorp Inc,NYSE,6528876894.15
NWL,Newell Brands Inc,NYSE,15173496000
NFX,Newfield Exploration Company,NYSE,5866795209.45
NJR,NewJersey Resources Corporation,NYSE,3787377699.6
NEU,NewMarket Corporation,NYSE,4600902013.12
NEM,Newmont Mining Corporation,NYSE,18880111038
NEE,NextEra Energy Inc,NYSE,74807327306.43
NLSN,Nielsen NV,NYSE,13516575600
NKE,Nike Inc,NYSE,100012081107.6
NI,NiSource Inc,NYSE,9140580828.02
NBL,Noble Energy Inc,NYSE,13109200230.96
NOK,Nokia Corporation,NYSE,27094731565.92
NMR,Nomura Holdings Inc ADR,NYSE,20000237184.32
JWN,Nordstrom Inc,NYSE,7626139983
NSC,Norfolk Souther Corporation,NYSE,40295469228.12
NTL,Nortel Inversora SA,NYSE,6833499104
NOC,Northrop Grumman Corporation,NYSE,53210581819.74
NVS,Novartis AG,NYSE,196709884000
NVO,Novo Nordisk A/S,NYSE,127680129504.98
NRG,NRG Energy Inc,NYSE,8945130821.75
DCM,NTT DOCOMO Inc,NYSE,94170564248.86
NUS,Nu Skin Enterprises Inc,NYSE,3556551204.85
NUE,Nucor Corporation,NYSE,19129046274.58
NEA,Nuveen AMT-Free Quality Municipal Income Fund,NYSE,3639452405.95
NVR,NVR Inc,NYSE,12688141439.44
OAK,Oaktree Capital Group LLC,NYSE,6735922850.3
OXY,Occidental Petroleum Corporation,NYSE,52702447047.89
OGE,OGE Energy Corporation,NYSE,6881843052.84
ORI,Old Republic International Corporation,NYSE,5450290743.44
OLN,Olin Corporation,NYSE,5790689390.5
OHI,Omega Healthcare Investors Inc,NYSE,5464842484.95
OMC,Omnicom Group Inc,NYSE,16939539930.28
OGS,ONE Gas Inc,NYSE,4051218182.5
OMF,OneMain Holdings Inc,NYSE,3553142965.32
OKE,ONEOK Inc,NYSE,20325978777.87
ORCL,Oracle Corporation,NYSE,207004919934.4
ORAN,Orange,NYSE,45912203651.24
OA,Orbital ATK Inc,NYSE,7646279300
IX,Orix Corp Ads,NYSE,21490302926
OSK,Oshkosh Corporation,NYSE,6673610178.44
OC,Owens Corning Inc,NYSE,9854836203.45
OI,Owens-Illinois Inc,NYSE,3849846805.88
PCG,Pacific Gas & Electric Co,NYSE,27501043208.76
PKG,Packaging Corporation of America,NYSE,11165438051.66
PANW,Palo Alto Networks Inc,NYSE,13221902166.62
PAM,Pampa Energia SA,NYSE,4768274774.17
PGRE,Paramount Group Inc,NYSE,3778760699.08
PK,Park Hotels & Resorts Inc,NYSE,6103919694.18
PH,Parker-Hannifin Corporation,NYSE,25709964479.86
PE,Parsley Energy Inc,NYSE,8205533612.1
PAYC,Paycom Software Inc,NYSE,4583055757.86
PBF,PBF Energy Inc,NYSE,3675229120
BTU,Peabody Energy Corporation,NYSE,3578080000
PSO,Pearson Plc,NYSE,7957465425
PBA,Pembina Pipeline Corp,NYSE,17685257308.16
PAG,Penske Automotive Group Inc,NYSE,4137454108.8
PNR,Pentair plc,NYSE,12702737500.45
PEP,Pepsico Inc,NYSE,165779251125.49
PKI,PerkinElmer Inc,NYSE,7829299578.53
PRGO,Perrigo Company,NYSE,12055965717.6
PTR,PetroChina Company Limited,NYSE,121379512476.96
PBR,Petroleo Brasileiro SA- Petrobras,NYSE,63265810110.5
PFE,Pfizer Inc,NYSE,213035679509.58
PM,Philip Morris International Inc,NYSE,165555863748.33
PSX,Phillips 66,NYSE,50446015480.85
PSXP,Phillips 66 Partners LP,NYSE,5735877056.8
PF,Pinnacle Foods Inc,NYSE,6747020101.26
PNW,Pinnacle West Capital Corporation,NYSE,10139477081.25
PXD,Pioneer Natural Resources Company,NYSE,26528764813.5
PAA,Plains All American Pipeline LP,NYSE,14344241149.64
PHI,PLDT Inc,NYSE,6460560000
PNC,PNC Financial Services Group Inc (The),NYSE,68420195447.8
PNM,PNM Resources Inc (Holding Co),NYSE,3592378442.4
PII,Polaris Industries Inc,NYSE,8361901231.6
POL,PolyOne Corporation,NYSE,3573970429.45
POR,Portland General Electric Company,NYSE,4337014381
PKX,POSCO,NYSE,24428442423.44
POST,Post Holdings Inc,NYSE,5108441012.02
POT,Potash Corporation of Saskatchewan Inc,NYSE,15895902842.16
PPG,PPG Industries Inc,NYSE,29498849457.84
PPL,PPL Corporation,NYSE,23752018902
PX,Praxair Inc,NYSE,43349491680.81
PRI,Primerica Inc,NYSE,4590735913.75
PFG,Principal Financial Group Inc,NYSE,20721036482.64
PG,Procter & Gamble Company (The),NYSE,229264901689.6
PGR,Progressive Corporation (The),NYSE,31984054154.91
PLD,Prologis Inc,NYSE,35202545120
PB,Prosperity Bancshares Inc,NYSE,4793701987.88
PRU,Prudential Financial Inc,NYSE,49671600000
PUK,Prudential Public Limited Company,NYSE,63758354709.5
PSB,PS Business Parks Inc,NYSE,3538547154.45
TLK,PT Telekomunikasi Indonesia Tbk,NYSE,30451725382.84
PEG,Public Service Enterprise Group Incorporated,NYSE,26278594416.63
PSA,Public Storage,NYSE,36694850613.96
PHM,PulteGroup Inc,NYSE,10024296796.8
PSTG,Pure Storage Inc ,NYSE,3648083544
PVH,PVH Corp,NYSE,10483266738.8
PWR,Quanta Services Inc,NYSE,6095999126
QD,Qudian Inc,NYSE,4505190280.5
DGX,Quest Diagnostics Incorporated,NYSE,13233312823.78
RDN,Radian Group Inc,NYSE,4792015485.27
RL,Ralph Lauren Corporation,NYSE,8317790854.66
RRC,Range Resources Corporation,NYSE,3990080378.16
RJF,Raymond James Financial Inc,NYSE,12922403340.21
RYN,Rayonier Inc,NYSE,4023957545.54
RTN,Raytheon Company,NYSE,54368592090
RLGY,Realogy Holdings Corp,NYSE,3705994061.98
O,Realty Income Corporation,NYSE,15661633310.12
RHT,Red Hat Inc,NYSE,22169712558.07
RGC,Regal Entertainment Group,NYSE,3568968065.69
REG,Regency Centers Corporation,NYSE,11496065157.12
RF,Regions Financial Corporation,NYSE,19812313100.44
RGA,Reinsurance Group of America Incorporated,NYSE,10424441313.46
RS,Reliance Steel & Aluminum Co,NYSE,6057073472.58
RENX,RELX NV,NYSE,45811370946.25
RELX,RELX PLC,NYSE,24889440537
RNR,RenaissanceRe Holdings Ltd,NYSE,5072489579.52
RSG,Republic Services Inc,NYSE,21771385102.52
RMD,ResMed Inc,NYSE,12256240533.96
QSR,Restaurant Brands International Inc,NYSE,14498373352.45
RNG,Ringcentral Inc,NYSE,3736111549.8
RIO,Rio Tinto Plc,NYSE,63532611723.77
RLJ,RLJ Lodging Trust,NYSE,3751830739.8
RHI,Robert Half International Inc,NYSE,6854126790.6
ROK,Rockwell Automation Inc,NYSE,24783072186.9
COL,Rockwell Collins Inc,NYSE,21928591840.47
RCI,Rogers Communication Inc,NYSE,20289181091.86
ROL,Rollins Inc,NYSE,10026857084
ROP,Roper Technologies Inc,NYSE,26673537906.72
RY,Royal Bank Of Canada,NYSE,115708763987.96
RBS,Royal Bank Scotland plc (The),NYSE,45695974295.52
RCL,Royal Caribbean Cruises Ltd,NYSE,26810359208.5
RES,RPC Inc,NYSE,5267366850.56
RPM,RPM International Inc,NYSE,7152174020.16
RSPP,RSP Permian Inc,NYSE,5809491663.03
R,Ryder System Inc,NYSE,4367127533.2
RHP,Ryman Hospitality Properties Inc,NYSE,3494144130.75
SPGI,S&P Global Inc,NYSE,43658550000
CRM,Salesforcecom Inc,NYSE,74714712000
SNY,Sanofi,NYSE,108803441983.84
SC,Santander Consumer USA Holdings Inc,NYSE,6414249409.92
SAP,SAP SE,NYSE,134905113417.1
SSL,Sasol Ltd,NYSE,20983534202.4
SCG,Scana Corporation,NYSE,6528972108.12
SLB,Schlumberger NV,NYSE,88019527782.6
SNDR,Schneider National Inc,NYSE,4779284387.22
SMG,Scotts Miracle-Gro Company (The),NYSE,5838157085
SE,Sea Limited,NYSE,4346350635.75
SEE,Sealed Air Corporation,NYSE,8620663570.92
SMI,Semiconductor  Manufacturing International Corporation,NYSE,6368770945.24
SRE,Sempra Energy,NYSE,29321558989.17
ST,Sensata Technologies Holding NV,NYSE,8230792836.85
SCI,Service Corporation International,NYSE,7080748698.6
SERV,ServiceMaster Global Holdings Inc,NYSE,6794636988.24
NOW,ServiceNow Inc,NYSE,21036587000
SJR,Shaw Communications Inc,NYSE,10870808801.07
SHLX,Shell Midstream Partners LP,NYSE,5036323136.58
SHW,Sherwin-Williams Company (The),NYSE,38233164556.6
SHG,Shinhan Financial Group Co Ltd,NYSE,21007041704.1
SHOP,Shopify Inc,NYSE,8688174457.59
SPG,Simon Property Group Inc,NYSE,50437097790.75
SHI,SINOPEC Shangai Petrochemical Company Ltd,NYSE,6262920000
SIX,Six Flags Entertainment Corporation New,NYSE,5470371486.92
SKM,SK Telecom Co Ltd,NYSE,17436009674.78
SKX,Skechers USA Inc,NYSE,5647889760.48
SLG,SL Green Realty Corporation,NYSE,10082062359
SNN,Smith & Nephew SNATS Inc,NYSE,15801440253.14
AOS,Smith (AO) Corporation,NYSE,10697455169.94
SNAP,Snap Inc,NYSE,18148213209.72
SNA,Snap-On Incorporated,NYSE,9816067701.72
SQM,Sociedad Quimica y Minera SA,NYSE,13409862897.8
SOGO,Sogou Inc,NYSE,4561236612.4
SON,Sonoco Products Company,NYSE,5434247093.66
SNE,Sony Corp Ord,NYSE,57858271641.54
SO,Southern Company (The),NYSE,51245229902.46
SCCO,Southern Copper Corporation,NYSE,32459465413.31
LUV,Southwest Airlines Company,NYSE,37579240507.8
SWX,Southwest Gas Holdings Inc,NYSE,3952673670.4
SEP,Spectra Energy Partners LP,NYSE,12750338588
SPB           ,Spectrum Brands Holdings Inc,NYSE,6596456232.9
SR,Spire Inc,NYSE,3871002011.6
SPR,Spirit Aerosystems Holdings Inc,NYSE,9822330582.75
SRC,Spirit Realty Capital Inc,NYSE,3852330283.75
S,Sprint Corporation,NYSE,21761880085.76
SQ,Square Inc,NYSE,14800541483.78
SWK,Stanley Black & Decker Inc,NYSE,25710945016.04
STWD,STARWOOD PROPERTY TRUST INC,NYSE,5668891394.76
STT,State Street Corporation,NYSE,36219618535.6
STO,Statoil ASA,NYSE,66321337835.28
STE,STERIS plc,NYSE,7522881507.35
STL,Sterling Bancorp,NYSE,5673870081.5
SF,Stifel Financial Corporation,NYSE,4108721652.83
STM,STMicroelectronics NV,NYSE,18892123642.4
STOR,STORE Capital Corporation,NYSE,4904304700.8
SYK,Stryker Corporation,NYSE,56857923277.83
SMFG,Sumitomo Mitsui Financial Group Inc,NYSE,58044276360.4
SUM,Summit Materials Inc,NYSE,3566995060.71
SUI,Sun Communities Inc,NYSE,7585146441.6
SLF,Sun Life Financial Inc,NYSE,24932051511.36
SU,Suncor Energy  Inc,NYSE,56926761317.42
SHO,Sunstone Hotel Investors Inc,NYSE,3765124938.6
STI,SunTrust Banks Inc,NYSE,31037367313.2
SWCH,Switch Inc,NYSE,4406237779.35
SYF,Synchrony Financial,NYSE,29347183837.5
SYT,Syngenta AG,NYSE,42596644792.9
SNX,Synnex Corporation,NYSE,5252620715.94
SNV,Synovus Financial Corp,NYSE,5845470286.39
SYY,Sysco Corporation,NYSE,32638967884.8
DATA,Tableau Software Inc,NYSE,5708841388.81
TSM,Taiwan Semiconductor Manufacturing Company Ltd,NYSE,202256964000
TAL,TAL Education Group,NYSE,14338757120.16
TEGP,Tallgrass Energy GP LP,NYSE,3745205260.8
TPR,Tapestry Inc,NYSE,12017697515.62
TRGP,Targa Resources Inc,NYSE,9781107527.52
TGT,Target Corporation,NYSE,33359053469.13
TARO,Taro Pharmaceutical Industries Ltd,NYSE,4195555459.1
TTM,Tata Motors Ltd,NYSE,21448193115.94
TCO,Taubman Centers Inc,NYSE,3606332301
TCP,TC PipeLines LP,NYSE,3635210244.24
TCF,TCF Financial Corporation,NYSE,3517736678.94
TEL,TE Connectivity Ltd,NYSE,33342239683.28
FTI,TechnipFMC plc,NYSE,12740140597.15
TECK,Teck Resources Ltd,NYSE,13121303281
TEO,Telecom Argentina Stet - France Telecom SA,NYSE,7264820399.08
TI,Telecom Italia SPA,NYSE,18644436502.65
TDY,Teledyne Technologies Incorporated,NYSE,6399120822.46
TFX,Teleflex Incorporated,NYSE,11386652726.92
VIV,Telefonica Brasil SA,NYSE,25600597644.16
TEF,Telefonica SA,NYSE,52284766078.02
TU,TELUS Corporation,NYSE,22235590337.4
TS,Tenaris SA,NYSE,17560485346.25
TDC,Teradata Corporation,NYSE,4616150000
TER,Teradyne Inc,NYSE,7946349642.3
TEX,Terex Corporation,NYSE,3895512000
TX,Ternium SA,NYSE,5730221091.63
TEVA,Teva Pharmaceutical Industries Limited,NYSE,16316960000
TXT,Textron Inc,NYSE,14445971884.32
AES,The AES Corporation,NYSE,7105759450.16
BX,The Blackstone Group LP,NYSE,37822089453.93
SCHW,The Charles Schwab Corporation,NYSE,68892219962.64
THG,The Hanover Insurance Group Inc,NYSE,4486633721.85
MSG,The Madison Square Garden Company,NYSE,5044055241.87
TRV,The Travelers Companies Inc,NYSE,36606823415
TMO,Thermo Fisher Scientific Inc,NYSE,75371087301.72
TRI,Thomson Reuters Corp,NYSE,31493632499.04
THO,Thor Industries Inc,NYSE,7962118551.5
TIF,Tiffany & Co,NYSE,11899561911.75
TSU,TIM Participacoes SA,NYSE,8836768533.75
TWX,Time Warner Inc,NYSE,70626169215.8
TKR,Timken Company (The),NYSE,3803238978
TJX,TJX Companies Inc (The),NYSE,46714509069.4
TOL,Toll Brothers Inc,NYSE,7575666850
TMK,Torchmark Corporation,NYSE,10384442538.4
TTC,Toro Company (The),NYSE,7105155448.1
TD,Toronto Dominion Bank (The),NYSE,104339052428.66
TOT,Total SA,NYSE,146247534360.96
TSS,Total System Services Inc,NYSE,14078942914.96
TM,Toyota Motor Corp Ltd Ord,NYSE,182616984677.8
TRP,TransCanada Corporation,NYSE,42964936764.48
TDG,Transdigm Group Incorporated,NYSE,14269173363.24
RIG,Transocean Ltd,NYSE,3876924040.84
TGS,Transportadora De Gas Sa Ord B,NYSE,3518025099.84
TRU,TransUnion,NYSE,10142614308.37
TRCO,Tribune Media Company,NYSE,3644177442.26
TRN,Trinity Industries Inc,NYSE,5456621318.75
TKC,Turkcell Iletisim Hizmetleri AS,NYSE,8527200000
TRQ,Turquoise Hill Resources Ltd,NYSE,6057066551.69
TWTR,Twitter Inc,NYSE,15672944390.3
TYL,Tyler Technologies Inc,NYSE,6899388727.35
TSN,Tyson Foods Inc,NYSE,30748659853.3
USB,US Bancorp,NYSE,91869430949.76
UBS,UBS AG,NYSE,65002117210.68
UGI,UGI Corporation,NYSE,8588345152
UGP,Ultrapar Participacoes SA,NYSE,11940453360.16
UA,Under Armour Inc,NYSE,5384296864.64
UAA,Under Armour Inc,NYSE,6020341777.28
UN,Unilever NV,NYSE,166338928792.08
UL,Unilever PLC,NYSE,69360804443.73
UNP,Union Pacific Corporation,NYSE,101631365704.65
UAL,United Continental Holdings Inc,NYSE,18826842244.25
UDR,United Dominion Realty Trust Inc,NYSE,10450518553.44
UMC,United Microelectronics Corporation,NYSE,6038656000
UPS,United Parcel Service Inc,NYSE,103028601760.28
URI,United Rentals Inc,NYSE,13870232596
X,United States Steel Corporation,NYSE,5815066038.72
UTX,United Technologies Corporation,NYSE,98072371998.01
UNH,UnitedHealth Group Incorporated,NYSE,216983892505.59
UNVR,Univar Inc,NYSE,4087384031.82
UHS,Universal Health Services Inc,NYSE,10588365428.2
UNM,Unum Group,NYSE,12900128439.16
USFD,US Foods Holding Corp,NYSE,6965492424
USG,USG Corporation,NYSE,5359055196.4
VFC,VF Corporation,NYSE,28984184504.55
MTN,Vail Resorts Inc,NYSE,9122712969.16
VALE,VALE SA,NYSE,56246291880.24
VRX,Valeant Pharmaceuticals International Inc,NYSE,6860733760.9
VLO,Valero Energy Corporation,NYSE,38332126873.2
VR,Validus Holdings Ltd,NYSE,3716428994.01
VMI,Valmont Industries Inc,NYSE,3817306768
VVV,Valvoline Inc,NYSE,4976103967.38
VNTV,Vantiv Inc,NYSE,13291687531.08
VAR,Varian Medical Systems Inc,NYSE,10259263149.52
VVC,Vectren Corporation,NYSE,5734635194.19
VEDL,Vedanta  Limited,NYSE,16745960033.18
VEEV,Veeva Systems Inc,NYSE,7882965755.1
VTR,Ventas Inc,NYSE,22548733280.19
VER,VEREIT Inc,NYSE,7725628357.2
VZ,Verizon Communications Inc,NYSE,208418632311.24
VET,Vermilion Energy Inc,NYSE,3982778824.22
VSM,Versum Materials Inc,NYSE,3981608578.09
VIPS,Vipshop Holdings Limited,NYSE,4992187710.6
V,Visa Inc,NYSE,255467634757.8
VC,Visteon Corporation,NYSE,4001797444.4
VST,Vistra Energy Corp,NYSE,7589549118
VMW,Vmware Inc,NYSE,48284637830
VNO,Vornado Realty Trust,NYSE,14618696364.41
VOYA,Voya Financial Inc,NYSE,8295318004.35
VMC,Vulcan Materials Company,NYSE,16651970845.92
WPC,WP Carey Inc,NYSE,7580950801.34
WRB,WR Berkley Corporation,NYSE,8574350963.2
GRA,WR Grace & Co,NYSE,4761042502.26
GWW,WW Grainger Inc,NYSE,12759105625.08
WBC,Wabco Holdings Inc,NYSE,7726408435.26
WMT,Wal-Mart Stores Inc,NYSE,286017928514.75
DIS,Walt Disney Company (The),NYSE,157419839980.62
WCN,Waste Connections Inc,NYSE,18102586286.7
WM,Waste Management Inc,NYSE,36721660566.63
WAT,Waters Corporation,NYSE,15850134758.64
WSO,Watsco Inc,NYSE,6057577717.72
W,Wayfair Inc,NYSE,6495136910.7
WBS,Webster Financial Corporation,NYSE,5224323584.6
WEC,WEC Energy Group Inc,NYSE,21762090755.52
WRI,Weingarten Realty Investors,NYSE,4184204928.3
WCG,WellCare Health Plans Inc,NYSE,9258257570.2
WFC,Wells Fargo & Company,NYSE,292057946540.19
HCN,Welltower Inc,NYSE,24562065297.2
WST,West Pharmaceutical Services Inc,NYSE,7397818718.49
WR,Westar Energy Inc,NYSE,8065265429.76
WAL,Western Alliance Bancorporation,NYSE,6220749958.63
WGP,Western Gas Equity Partners LP,NYSE,8030467611.88
WES,Western Gas Partners LP,NYSE,7666341869.4
WU,Western Union Company (The),NYSE,8905679965.63
WAB,Westinghouse Air Brake Technologies Corporation,NYSE,7318022675.04
WLK,Westlake Chemical Corporation,NYSE,12882341061.66
WBK,Westpac Banking Corporation,NYSE,80421363293.75
WRK,Westrock Company,NYSE,16402262031.54
WEX,WEX Inc,NYSE,5503198137.75
WY,Weyerhaeuser Company,NYSE,26743606244.31
WGL,WGL Holdings Inc,NYSE,4405534406.6
WPM,Wheaton Precious Metals Corp,NYSE,9285510651.7
WHR,Whirlpool Corporation,NYSE,12195114953.9
WMB,Williams Companies Inc (The),NYSE,23603613973.95
WPZ,Williams Partners LP,NYSE,35914546988.24
WSM,Williams-Sonoma Inc,NYSE,4497608720
WIT,Wipro Limited,NYSE,25370632638.64
WF,Woori Bank,NYSE,9746723115.06
WPP,WPP plc,NYSE,22767949016.86
WPX,WPX Energy Inc,NYSE,5140205850.11
WYN,Wyndham Worldwide Corp,NYSE,11421016884.2
XEL,Xcel Energy Inc,NYSE,25997459507.2
XRX,Xerox Corporation,NYSE,7533202965.31
XL,XL Group Ltd,NYSE,9439272017.64
XPO,XPO Logistics Inc,NYSE,9263379191.12
XYL,Xylem Inc,NYSE,12246923863.62
YPF,YPF Sociedad Anonima,NYSE,8680413341.51
YUMC,Yum China Holdings Inc,NYSE,15682278992.38
YUM,Yum! Brands Inc,NYSE,28078312917.68
ZAYO,Zayo Group Holdings Inc,NYSE,8514319993.7
ZBH,Zimmer Biomet Holdings Inc,NYSE,22956397356.88
ZTS,Zoetis Inc,NYSE,35026279050.6
ZTO,ZTO Express (Cayman) Inc,NYSE,10899586731.92
CQH,Cheniere Energy Partners LP Holdings LLC,AMEX,6207243000
CQP,Cheniere Energy Partners LP,AMEX,13537525395.31
LNG,Cheniere Energy Inc,AMEX,11265305737.2
IMO,Imperial Oil Limited,AMEX,25738874240.17
SEB,Seaboard Corporation,AMEX,4967018226
